nom_ev;adresse;nom_gerant;type_espace_vert;type_jardin_partage;domaine;proprietaire_terrain;statut_plu;amenagements;mail_1;mail_2;internet_1;internet_2;date_fermeture;geo_shape;geo_point_2d
Le jardin du monde;Cité Internationale Universitaire de Paris 27 boulevard Jourdan;Cité Internationale Universitaire de Paris/Assemblée des Délégués de Comités de Résidents;;Autre;Hors Ville de Paris;Cité Internationale Unversitaire;;;jardindumonde14@gmail.com;;;;;"{""coordinates"": [2.3373237791692185, 48.82042520714962], ""type"": ""Point""}";48.82042520714962, 2.3373237791692185
Jardin des Deux Lauriers;11 rue Claude Decaen;Gar'Eden;;Conseil d'arrondissement;Hors Ville de Paris;RFF;ZUG;cabane composteurs récupérateur d'eau de pluie gites à insectes nichoirs à oiseaux grainothèque;gareden12@gmail.com;;https://jardindeuxlauriers.wordpress.com/;https://www.facebook.com/groups/462186695640205;;"{""coordinates"": [2.4013526307615636, 48.8340046041009], ""type"": ""Point""}";48.8340046041009, 2.4013526307615636
Jardin Santerre;107 rue de Reuilly;Association des résidents du 107;;Autre;Hors Ville de Paris;Paris Habitat;ZUG;composteurs;;;http://jardinsanterre.blogspot.com/;;;"{""coordinates"": [2.3924064438468062, 48.84261013182172], ""type"": ""Point""}";48.84261013182172, 2.3924064438468062
Le jardin Saint Blaise;Centre Chenal Saint-Blaise 14 rue du Clos;Esperem;;Autre;Hors Ville de Paris;Paris Habitat;ZUG;composteur;valerie.navarre@esperem.org;;https://esperem.org;;;"{""coordinates"": [2.406868721582751, 48.856991621657976], ""type"": ""Point""}";48.856991621657976, 2.406868721582751
jardin partagé de la rue Annie Girardot;14 rue Annie Girardot;Maison 13 solidaire;;Conseil d'arrondissement;Ville de Paris;DEVE;;deux jardinières sur dalle avec système drainant  et terre végétale - une arrivée d’eau - 5 placards - un panneau d’affichage;accueil@maison13solidaire.fr;;;;;"{""coordinates"": [2.3479299858242597, 48.82138721835101], ""type"": ""Point""}";48.82138721835101, 2.3479299858242597
Les jardins de la douve;Jardin Anna Marly 25 avenue de la porte de Vanves;Les jardins de la douve;Conseil d'arrondissement;Conseil d'arrondissement;Ville de Paris;DEVE;ZUG;récupérateur d'eau cabane;bureau@lesjardinsdeladouve.org;;;;;"{""coordinates"": [2.3043683491105096, 48.825077145700604], ""type"": ""Point""}";48.825077145700604, 2.3043683491105096
Les jardins de Beaugrenelle;Sur le toit du centre commercial Beaugrenelle : 12 rue Linois (accessible par l’escalier extérieur rue de l’ingénieur Robert Keller, à côté de la piscine Keller);Espaces;;Autre;Hors Ville de Paris;SCI Beaugrenelle;;cabane;;;https://www.association-espaces.org/;;;"{""coordinates"": [2.28251560896189, 48.848559800507466], ""type"": ""Point""}";48.848559800507466, 2.28251560896189
Jardin des Habitants;179 rue de Charonne;Association des habitants du 179 rue de Charonne;;Autre;Hors Ville de Paris;80% Emmaus Habitat, société de parking, école privée ESGF (non considérée comme bailleur social);ZUGEVP;;associationhabitants179@gmail.com;;;;;"{""coordinates"": [2.392423039763459, 48.85605873226233], ""type"": ""Point""}";48.85605873226233, 2.392423039763459
Georges Boudry;Square Dunois 189 rue Chevaleret;CED 13FEDD Jeune;;Autre;Hors Ville de Paris;SIEMP;;cabane;jardinpartageboudry@gmail.com;;https://jardinpartagegeorgesboudry.wordpress.com;;;"{""coordinates"": [2.36804579158709, 48.83396378353715], ""type"": ""Point""}";48.83396378353715, 2.36804579158709
potager de Bercy;41, rue Paul Belmondo;"Asso Tournesol - EM Pommard - CL Pommard - EM Lachambeaudie - Asso ""didot accompagnement""";Conseil de Paris;Conseil de Paris;Ville de Paris;DEVE;;composteur - casier grillagés;;;;;;"{""coordinates"": [2.382086335425838, 48.83610138676121], ""type"": ""Point""}";48.83610138676121, 2.382086335425838
Michelet;46, rue Boussingault;Centre Michelet;Conseil d'arrondissement;Conseil d'arrondissement;Ville de Paris;DEVE;;;;;;;;"{""coordinates"": [2.3431593156770174, 48.825904392658636], ""type"": ""Point""}";48.825904392658636, 2.3431593156770174
catherine labouré;29 rue de Babylone;Association Val de Seine - Conseil de ParisN Nature -;Conseil de Paris;Conseil de Paris;;;;;cpnvaldeseine@free.fr;;http://www.cpn-valdeseine.asso.fr/;;;"{""coordinates"": [2.320189454812865, 48.85156475843292], ""type"": ""Point""}";48.85156475843292, 2.320189454812865
Le jardin insolite;Square Louis Lumière 30 rue Louis Lumière;Môm'Ganne / Réseau Môm'artre;Conseil d'arrondissement;Conseil d'arrondissement;Ville de Paris;DEVE;ZUV;composteur;rueganne@gmail.com;;www.momartre.net;;2021-04-12;"{""coordinates"": [2.4116456899674352, 48.859198214906925], ""type"": ""Point""}";48.859198214906925, 2.4116456899674352
L'îlot Léon;Jardin Léon Zyguel 77 rue pixérécourt;L'îlot Léon;Conseil d'arrondissement;Conseil d'arrondissement;Ville de Paris;DEVE;EVP;eau coffres à outils;assolilotleon@gmail.com;;;;;"{""coordinates"": [2.395705800305236, 48.874455781851054], ""type"": ""Point""}";48.874455781851054, 2.395705800305236
jardin des p'tits voisins;impasse des jardiniers;Les p'tits voisins du 11ème;Conseil d'arrondissement;Conseil d'arrondissement;Ville de Paris;DEVE;;eau - bacs;lesptitsvoisins@ntymail.com;;https://www.facebook.com/lespetitsvoisinsdu11eme;;;"{""coordinates"": [2.391078620244889, 48.85214501194982], ""type"": ""Point""}";48.85214501194982, 2.391078620244889
jardin partagé Chapelle Charbon;Parc Chapelle Charbon, rue du pré;Vergers Urbains;Conseil de Paris;Conseil de Paris;Ville de Paris;DEVE;;une couche drainante, comprise entre deux géotextiles, surmontée d’une couche de 1m de terre végétale : deux fontaines à boire - trois bouches d’arrosage - une grillette parisienne de 1m de haut et trois portillons - une haie champêtre;vergersurbains@gmail.com;;;;;"{""coordinates"": [2.362103369000309, 48.8974350132832], ""type"": ""Point""}";48.8974350132832, 2.362103369000309
Jardin de la Butte Bergeyre;78 rue Georges Lardennois;Les Habitants de la Butte Bergeyre;;Conseil d'arrondissement;Ville de Paris;DEVE;ZUGELV;cabane ruches (mais pas sur la partie appartenant à la ville);jardinbergeyre@gmail.com;;https://www.habitants-butte-bergeyre.fr/;;;"{""coordinates"": [2.3757588078042766, 48.87721264639524], ""type"": ""Point""}";48.87721264639524, 2.3757588078042766
Les jardins passagers;;Etablissement Public du Parc et de la Grande Halle de La Villette;Autre;Autre;Hors Ville de Paris;Etat;ZUV;composteur mare abri table de jardinage;;;villette.com/votre-visite/les-jardins-passagers;;;"{""coordinates"": [2.3901476567878484, 48.89249322970248], ""type"": ""Point""}";48.89249322970248, 2.3901476567878484
Au p'tit Vertbois;Conservatoire des arts et métiers 5 rue Vaucanson;Régie de quartier Paris-Centre;;Autre;Hors Ville de Paris;;;;contact@regiepariscentre.org;;http://regiepariscentre.org;;;"{""coordinates"": [2.356640212623597, 48.867159971367556], ""type"": ""Point""}";48.867159971367556, 2.356640212623597
Potager des Oiseaux;3 rue des Oiseaux;Les jardiniers du 3ème;Conseil d'arrondissement;Conseil d'arrondissement;Ville de Paris;DEVE;PSMV Marais;cabane toit végétalisé;potagerdesoiseaux@gmail.com;;http://potagerdesoiseaux.blogspot.com/;;;"{""coordinates"": [2.361789533379203, 48.86298414291483], ""type"": ""Point""}";48.86298414291483, 2.361789533379203
Jardin partagé du Bas-Belleville;14 Cité de Gênes;Crescendo-Centre Social et Culturel La maison du bas Belleville;;Conseil de Paris;Ville de Paris;DVD;Voie publique ou privéeaménagement piéton;;maison.bas-belleville@groupe-sos.org;;www.maisonbasbelleville.org;;;"{""coordinates"": [2.382814854587793, 48.870657027696495], ""type"": ""Point""}";48.870657027696495, 2.382814854587793
Jardin des Délices;10 impasse Satan;Jardin des délices;;Conseil d'arrondissement;Ville de Paris;DEVE;ZUGELV;cabane sur dalle, composteur et récupérateur d'eau;lejardindesdelices20@gmail.com;;;;;"{""coordinates"": [2.4031486944419402, 48.855728547621275], ""type"": ""Point""}";48.855728547621275, 2.4031486944419402
jardin partagé de la rue de lancry;13 rue de Lancry;association CRL10;Conseil d'arrondissement;Conseil d'arrondissement;Ville de Paris;DEVE;;décaissement avec apport de terre - panneau;;;http://www.crl10.net/;;;"{""coordinates"": [2.3603470841551277, 48.86950039634417], ""type"": ""Point""}";48.86950039634417, 2.3603470841551277
Le Jardin Balanchine;Square James Joyce 7 rue Georges Balanchine;Le Jardin Balanchine;Conseil d'arrondissement;Conseil d'arrondissement;Ville de Paris;DEVE;;cabane composteur Abri à insecte;contact@jardinbalanchine.fr;;;;;"{""coordinates"": [2.373772247850749, 48.83634732695983], ""type"": ""Point""}";48.83634732695983, 2.373772247850749
Jardin'âges;17 rue des Perichaux (entre square du Docteur Calmette et square Lefèvre);Entr’Aide à domicile;Autre;Autre;Hors Ville de Paris;Paris Habitat;ZUG;composteur cabane;contact@entraide-dom.fr;;www.entraide-dom.fr;;;"{""coordinates"": [2.298749865153408, 48.83027831865038], ""type"": ""Point""}";48.83027831865038, 2.298749865153408
Les jardins de Camille;PC 16 la muette 14 boulevard de Beauséjour;les jardins de Camille;Conseil de Paris;Autre;Hors Ville de Paris;SNCF réseau;;15 bacs hors sol avec lame d'aire cabane eau cloturette en bois;jardinpartage75116@gmail.com;;;;;"{""coordinates"": [2.2711784002316957, 48.85774154064471], ""type"": ""Point""}";48.85774154064471, 2.2711784002316957
Jardin Richomme;23 rue Richomme;La goutte verte;;Conseil de Paris;Ville de Paris;DEVE;ZUG;decaissement + SD + TV container gardes corps zone pavés enherbés;goutteverte@yahoo.fr;;;;;"{""coordinates"": [2.3508578515418175, 48.8861934811186], ""type"": ""Point""}";48.8861934811186, 2.3508578515418175
Jardin Partagé Truillot;82 boulevard Voltaire;Association du Jardin Partagé Truillot;Conseil d'arrondissement;Conseil d'arrondissement;Ville de Paris;DEVE;;2 coffres métalliques;jardinpartage.truillot@gmail.com;;http://jardinpartagetruillot.blogspot.com/;;;"{""coordinates"": [2.374691225166572, 48.86084250772489], ""type"": ""Point""}";48.86084250772489, 2.374691225166572
Bernard Lafay;226 rue de courcelles;ecole polyvalente boulevard de Reims;Conseil d'arrondissement;Conseil d'arrondissement;Ville de Paris;DEVE;;container maritime - fontaine à boire - dalle beton;;;;;;"{""coordinates"": [2.2945905938926776, 48.88897141825576], ""type"": ""Point""}";48.88897141825576, 2.2945905938926776
Hérold - intergénérationnel;13 rue Francis Ponge;EHPAD + crèche;Conseil d'arrondissement;Conseil d'arrondissement;Ville de Paris;DEVE;;;;;;;;"{""coordinates"": [2.3944975377600164, 48.882420296778385], ""type"": ""Point""}";48.882420296778385, 2.3944975377600164
Jardin partagé Marcadet Montcalm;2 rue Montcalm;Jardin Partagé Marcadet Montcalm;Conseil d'arrondissement;Conseil d'arrondissement;Ville de Paris;DEVE;ZUV;bacs en cagette légères fournis par l'asso;jardinpartage2m@gmail.com;;;;;"{""coordinates"": [2.3353101077887075, 48.891761608525115], ""type"": ""Point""}";48.891761608525115, 2.3353101077887075
monceau;75008;école élémentaire et maternelle Monceau;Conseil de Paris;Conseil de Paris;Ville de Paris;DEVE;;coffre banquette;;;;;;"{""coordinates"": [2.3090971504447237, 48.87931712131294], ""type"": ""Point""}";48.87931712131294, 2.3090971504447237
Jardin de la Place Fréhel;54 rue de Belleville;Slam Production;;Conseil d'arrondissement;Ville de Paris;DVD;;jardinières;slamproduction@orange.fr;;;;;"{""coordinates"": [2.3816586824299124, 48.873065631366835], ""type"": ""Point""}";48.873065631366835, 2.3816586824299124
Jardin Don Bosco;79 rue Alexandre Dumas;Charonne Planchat;Autre;Autre;Hors Ville de Paris;Paroisse St Jean Bosco;;compost bacs;sjb.laudatosi@gmail.com;;;;;"{""coordinates"": [2.397636801405084, 48.85525406443056], ""type"": ""Point""}";48.85525406443056, 2.397636801405084
Les Jardins de l'Orée du Bois;Square Alexandre et René Parodi 1 Place de la Porte Maillot;Les Jardins de l'Orée du Bois;Conseil de Paris;Conseil de Paris;Ville de Paris;DEVE;;cabane composteur;valerie_fobe@yahoo.fr;;;;2021-07-05;"{""coordinates"": [2.2821812937182555, 48.8768521804031], ""type"": ""Point""}";48.8768521804031, 2.2821812937182555
L’îlot Lilas;295 rue de Belleville;L’Ilot Lilas;;Conseil d'arrondissement;Ville de Paris;DEVE;Voie publique ou privée;composteur cabane poulailler mare;jardin.lilolila@outlook.fr;;;;;"{""coordinates"": [2.402294523084996, 48.8760338115303], ""type"": ""Point""}";48.8760338115303, 2.402294523084996
Le ver têtu;Jardin Ver Têtu, 2 rue Bernard tétu;Régie de quartier du 19°;;Conseil d'arrondissement;Ville de Paris;DEVE;ZUG;cabane composteur;info@rqparis19.org;;https://www.rqparis19.org/;;;"{""coordinates"": [2.376422256249393, 48.89490735849091], ""type"": ""Point""}";48.89490735849091, 2.376422256249393
Centre social Annam;4 rue d'Annam;Centre social Annam Conseil d'arrondissementF;;Autre;Hors Ville de Paris;Conseil d'arrondissementF;ZUG;;;;;;;"{""coordinates"": [2.3940532814677087, 48.86615993579195], ""type"": ""Point""}";48.86615993579195, 2.3940532814677087
Jardin partagé des boulistes de Ménilmontant;Square Emmanuel Fleury, 40 rue le Vau;Amicale de boulistes de Ménilmontant;Conseil d'arrondissement;Conseil d'arrondissement;Ville de Paris;DEVE;ZUVEBC;local;;;;;;"{""coordinates"": [2.410993273383833, 48.869835693705724], ""type"": ""Point""}";48.869835693705724, 2.410993273383833
Les 1001 feuilles;Square Anne Franck 4 impasse Berthaud;Les 1001 Feuilles;Conseil d'arrondissement;Conseil d'arrondissement;Ville de Paris;DEVE;PSMV MaraisEspace Vert Public à protéger;composteur du square cabane Récupération d'eau;les1001feuilles@orange.fr;;;;;"{""coordinates"": [2.353988641667737, 48.861316318395204], ""type"": ""Point""}";48.861316318395204, 2.353988641667737
Le petit paradis;5 rue Léon Schwartzenberg;Le Pari's des faubourgs;Conseil d'arrondissement;Conseil d'arrondissement;Ville de Paris;DEVE;;décaissement+ système drainant + TV - 8bacs - 2 coffres - 1 panneau;acceuil@lepfb.net;;;;;"{""coordinates"": [2.3532746717129425, 48.87569666435601], ""type"": ""Point""}";48.87569666435601, 2.3532746717129425
Des tours au jardin;Villa d'Este;Des tours au jardin;Conseil d'arrondissement;Conseil d'arrondissement;Ville de Paris;DEVE;;cabane composteur serre panneaux solaires;dtajbureau@googlegroups.com;;https://sites.google.com/view/destoursaujardin/;;;"{""coordinates"": [2.3666752079105633, 48.82198890813526], ""type"": ""Point""}";48.82198890813526, 2.3666752079105633
Jardin du square Chanoine Viollet;Square du Chanoine-Viollet 40 rue Hippolyte Maindron;Jardins des Couleurs;Conseil d'arrondissement;Conseil d'arrondissement;Ville de Paris;DEVE;ZUV;composteur cabane;jardinsdescouleurs@gmail.com;;;;;"{""coordinates"": [2.321098450721666, 48.830960250365635], ""type"": ""Point""}";48.830960250365635, 2.321098450721666
Oasis de Koufra;Square Serment de Koufra rue de la Légion étrangère;L'Oasis de Koufra;Conseil d'arrondissement;Conseil d'arrondissement;Ville de Paris;DEVE;;;loasisdekoufra@gmail.com;;;;;"{""coordinates"": [2.324393162825572, 48.82087921280804], ""type"": ""Point""}";48.82087921280804, 2.324393162825572
Jardin aux habitants;Palais de Tokyo 2 rue de la Manutention;Jardin aux habitants;;Autre;Hors Ville de Paris;Etat;ZUGELV;ruche;;;https://palaisdetokyo.com/;;;"{""coordinates"": [2.2961366819370523, 48.864166104489335], ""type"": ""Point""}";48.864166104489335, 2.2961366819370523
Verger Fleury;40 rue Le Vau;Vergers Urbains;Conseil d'arrondissement;Conseil d'arrondissement;Ville de Paris;DEVE;;;vergersurbains@gmail.com;;http://vergersurbains.org/;https://www.facebook.com/ProjetVergersUrbains;;"{""coordinates"": [2.4118111639331086, 48.87274218373367], ""type"": ""Point""}";48.87274218373367, 2.4118111639331086
Square Jean Allemane;4 rue Mercoeur;MJC Mercoeur;Conseil d'arrondissement;Conseil d'arrondissement;Ville de Paris;DEVE;ZUVZUGSU;9 bacs hors sol gites à insectes;contact@mercoeur.asso.fr;;mercoeur.asso.fr;;;"{""coordinates"": [2.3831478525485976, 48.85689464960514], ""type"": ""Point""}";48.85689464960514, 2.3831478525485976
Jardin Malin du 13ème;Square Boutroux 20 rue Franc Nohain;jardin malin du 13ème;Conseil d'arrondissement;Conseil d'arrondissement;Ville de Paris;DEVE;ZUG périmètre de localisation d'équipement... d'intérêt général à réaliser;composteur cabane Récupération d'eau;jardinmalin@hotmail.fr;;;;;"{""coordinates"": [2.3752034243883315, 48.82190406651092], ""type"": ""Point""}";48.82190406651092, 2.3752034243883315
Paul paray;24 rue christine de Pisan;Collège La Rose blanche;Conseil d'arrondissement;Conseil d'arrondissement;Ville de Paris;DEVE;;;;;;;;"{""coordinates"": [2.3078613711969544, 48.88971993565918], ""type"": ""Point""}";48.88971993565918, 2.3078613711969544
Le soulier des Fougères;Square Frida Kahlo 18 rue de Noisy le Sec / rue des fougères 75020 Paris;Le soulier des Fougères;Conseil d'arrondissement;Conseil d'arrondissement;Ville de Paris;DEVE;ZUV;conteneur, composteur, abri à insectes;soulier.fougeres@gmail.com;;;;;"{""coordinates"": [2.412409477231944, 48.872185812706945], ""type"": ""Point""}";48.872185812706945, 2.412409477231944
Papilles et Papillons;3 rue Gasnier Guy;Régie de Quartier «Papilles et Papillons»;;Autre;Hors Ville de Paris;SIEMP;ZUV;composteur;papillesetpapillons@yahoo.fr;;;;;"{""coordinates"": [2.3928634128029973, 48.86513501362818], ""type"": ""Point""}";48.86513501362818, 2.3928634128029973
jardin partagé Alice Millat;11 ter rue d'Alésia;association jardin partagé Alice millat;;Conseil d'arrondissement;Ville de Paris;DJS;;une arrivée d'eau - une clôture - des gardes corps - un composteur;jpam.asso@gmail.com;;;;;"{""coordinates"": [2.335502899228015, 48.82701050899308], ""type"": ""Point""}";48.82701050899308, 2.335502899228015
Jardin du Square Delaporte;17 avenue Delaporte;La Belle Verte;Conseil d'arrondissement;Conseil d'arrondissement;Ville de Paris;DEVE;;"abri grillagé
arrivée d'eau
panneau d'affichage";bonjour@larecoltecitadine.fr;;;;;"{""coordinates"": [2.4134322162422337, 48.848508261108975], ""type"": ""Point""}";48.848508261108975, 2.4134322162422337
Le Jardin d'Abel;Square René Le Gall 5 rue Emile Deslandres;Le Jardin d'Abel;Conseil d'arrondissement;Conseil d'arrondissement;Ville de Paris;DEVE;ZUV;composteurs cabane table de jardinage;lejardindabel@gmail.com;;https://www.facebook.com/lejardindabel;;;"{""coordinates"": [2.350294367657589, 48.83475201249388], ""type"": ""Point""}";48.83475201249388, 2.350294367657589
Square de Jessaint;36 boulevard de la Chapelle;Emmaüs Solidarité;Conseil d'arrondissement;Conseil d'arrondissement;Ville de Paris;DEVE;;;jardinsinsertion@emmaus.asso.fr;;https://www.emmaus-solidarite.org/;;;"{""coordinates"": [2.3586135946812865, 48.88458976776485], ""type"": ""Point""}";48.88458976776485, 2.3586135946812865
Jardin des Apprentis-Sages;15 bis rue Jules Romains;Centre socio-culturel de Belleville;;Autre;Hors Ville de Paris;Bailleurs Lebaudy et Batigère (non considéré comme bailleur social);ZUG;;jardindesapprentissages@gmail.com;;http://www.centresocialbelleville.net/;;;"{""coordinates"": [2.377581968185017, 48.87373480383325], ""type"": ""Point""}";48.87373480383325, 2.377581968185017
Jardin partagé Rosiers Joseph Migneret;10 rue des Rosiers;Les Jardiniers du 4ème;Conseil d'arrondissement;Conseil d'arrondissement;Ville de Paris;DEVE;PSMV;cabane;jardiniers4@gmail.com;;;;;"{""coordinates"": [2.3600991236116426, 48.8568894182747], ""type"": ""Point""}";48.8568894182747, 2.3600991236116426
Garden l'EST;46 rue d' Alsace;Garden l'EST;Conseil d'arrondissement;Conseil d'arrondissement;Ville de Paris;DEVE;;une couche de terre végétale de 30cm d’épaisseur recouvrant un dispositif d’étanchéïté une arrivée d’eau, et compteur divisionnaire un panneau d’affichage double un coffre à outils;Jardin.garden.lest@gmail.com;;;;;"{""coordinates"": [2.3587780490429724, 48.878908188249866], ""type"": ""Point""}";48.878908188249866, 2.3587780490429724
Jardingue de Belleville;17 rue des envierges;Archipelia;;Autre;Hors Ville de Paris;Paris Habitat;ZUGEVP;composteur;info@archipelia.org;;;;;"{""coordinates"": [2.387021891412031, 48.872122859479944], ""type"": ""Point""}";48.872122859479944, 2.387021891412031
;square de la rue Rene Binet;;;;;;;;;;;;;"{""coordinates"": [2.3383650443040938, 48.8997783984819], ""type"": ""Point""}";48.8997783984819, 2.3383650443040938
Jardin Les Mains Vertes de Sainte Périne;parc Sainte Périne 39 rue Mirabeau;Les Mains Vertes de Sainte Périne;Conseil d'arrondissement;Conseil d'arrondissement;Hors Ville de Paris;APHP;;coffre compost bacs avec système drainant abri de jardin récupérateur d'eau;lesmainsvertesdesainteperine@gmail.com;;https://mainsvertesstperine.wixsite.com/les-mains-vertes-de;;;"{""coordinates"": [2.2690205939764083, 48.84586739552511], ""type"": ""Point""}";48.84586739552511, 2.2690205939764083
Le Lapin Ouvrier;Jardin Françoise-Héritier place de la Garenne;Le Lapin Ouvrier;Conseil d'arrondissement;Conseil d'arrondissement;Ville de Paris;DEVE;ZUV;composteurs cabane spirale à insectes mini mare dans un demi tonneau;le.lapin.ouvrier@hotmail.fr;;;;;"{""coordinates"": [2.3201598259926564, 48.833667654034656], ""type"": ""Point""}";48.833667654034656, 2.3201598259926564
Vert Tige;24 rue de Coulmier;Vert -Tige;;Autre;Hors Ville de Paris;RFF;Zone Urbaine de Grands Services UrbainsEmplacement réservé pour espace vert public;composteur cabane;jardin.vert.tige@gmail.com;;http://www.vert-tige.org/;;;"{""coordinates"": [2.322856059271892, 48.8251233214764], ""type"": ""Point""}";48.8251233214764, 2.322856059271892
Porte d'Auteuil;PC16 Auteuil, 77 boulevard Montmorency;Horizon Verdure 16eme sud;;Autre;Hors Ville de Paris;SNCF réseau;;;jardinpartageauteuil@gmail.com;;http://www.horizonverdure.sitew.com;;;"{""coordinates"": [2.2614304455372194, 48.850155724757315], ""type"": ""Point""}";48.850155724757315, 2.2614304455372194
Jardin Baudélire;27 rue Baudelique;Vert à soi;;Conseil de Paris;Ville de Paris;DAC affecté temporairement à la DEVE;ZUG;composteur cabane;jardinbaudelire@gmail.com;;https://jardinbaudelire.wordpress.com/;;;"{""coordinates"": [2.347573187346851, 48.89324636012352], ""type"": ""Point""}";48.89324636012352, 2.347573187346851
Colmar Thionville;1bis rue de Thionville;Atoll 75;;Conseil d'arrondissement;Ville de Paris;DEVE;;cabane composteur;atoll75@orange.fr;;;;;"{""coordinates"": [2.380422341557614, 48.887723292646704], ""type"": ""Point""}";48.887723292646704, 2.380422341557614
Serre aux Légumes;57 av Flandre;C P N et S.L.C.;;Conseil d'arrondissement;Ville de Paris;DEVE;ZUGEVP;composteur mare abri à insectes;cpnvaldeseine75@gmail.com;ass.locslc@wanadoo.fr;pn-valdeseine.asso.fr;;;"{""coordinates"": [2.372696133074561, 48.88777009623041], ""type"": ""Point""}";48.88777009623041, 2.372696133074561
Jardin Luquet;Square Alexandre Luquet Impasse Piat;Archipelia;Conseil d'arrondissement;Conseil d'arrondissement;Ville de Paris;DEVE;ZUGEBC;;info@archipelia.org;;;;;"{""coordinates"": [2.386712957190427, 48.87071198875051], ""type"": ""Point""}";48.87071198875051, 2.386712957190427
Jardin du Clos des Blancs Manteaux;21 rue des Blancs Manteaux;Les jardiniers du 4ème;Conseil d'arrondissement;Conseil d'arrondissement;Ville de Paris;DEVE;PSMV MaraisEspace Vert à réaliser;composteur coffre;jardiniers4@gmail.com;;;;;"{""coordinates"": [2.356844043861392, 48.85900635426953], ""type"": ""Point""}";48.85900635426953, 2.356844043861392
Jardin Nomade;48 rue Trousseau;Association Quartier St Bernard;;Conseil d'arrondissement;Ville de Paris;DLH;ZUG;composteur cabane spirale à insectes récupérateur d'eau de pluie gites à insecte nichoir à oiseaux;bureau@qsb11.org;;http://www.qsb11.org/;;;"{""coordinates"": [2.3792212004456044, 48.85251242118798], ""type"": ""Point""}";48.85251242118798, 2.3792212004456044
Jardin partagé de la Poterne des Peupliers;Centre d’animation de La Poterne des Peupliers 1 rue Gouthière;Ligue de l'Enseignement;;Conseil d'arrondissement;Ville de Paris;DJS;ZUG;composteur, toit végétalisé;capoternedespeupliers@ligueparis.org;;https://aujardin.jimdofree.com/;;;"{""coordinates"": [2.3512037862816473, 48.82070521941199], ""type"": ""Point""}";48.82070521941199, 2.3512037862816473
Duranton;1 rue Duranton;Ecole élémentaire, 56 Avenue Félix Faure - C.L maternelle 56 Avenue Félix Faure;Conseil d'arrondissement;Conseil d'arrondissement;Ville de Paris;DEVE;;Bacs cylindriques;;;;;;"{""coordinates"": [2.285209612484865, 48.8410720083609], ""type"": ""Point""}";48.8410720083609, 2.285209612484865
Le moissonneur des Lilas;Jardin Serge Gainsbourg place du Maquis du Vercors;Le lien des Lilas;Conseil d'arrondissement;Conseil d'arrondissement;Ville de Paris;DEVE;ZUG;local;lemoissonneurdeslilas@gmail.com;leliendeslilas@gmail.com;;;;"{""coordinates"": [2.4085842616976074, 48.87792750930357], ""type"": ""Point""}";48.87792750930357, 2.4085842616976074
Le Pommier des Amandiers;3 rue Elisa Borey;Le Pommier des Amandiers;Conseil d'arrondissement;Conseil d'arrondissement;Ville de Paris;DEVE;ZUV;bacs en palette;contact@lepommierdesamandiers.fr;;;;2021-01-11;"{""coordinates"": [2.390402141438679, 48.86635333609164], ""type"": ""Point""}";48.86635333609164, 2.390402141438679
Le Jardin Aux P'tits Oignons;Square des Cévennes 3 rue Cauchy;Le jardin aux p'tits oignons;Conseil d'arrondissement;Conseil d'arrondissement;Ville de Paris;DEVE;ZUV;composteur cabane;contact@lejardinauxptitsoignons.org;;http://lejardinauxptitsoignons.org/;;;"{""coordinates"": [2.2751466047350433, 48.84342898467173], ""type"": ""Point""}";48.84342898467173, 2.2751466047350433
Jardin l'Univert;35 rue Polonceau;Halage;;Autre;Hors Ville de Paris;Paris Habitat;ZUG;composteur cabane Récupération d'eau serre;stephane.bourdelet@halage.fr;;https://www.facebook.com/jardinlunivert/;https://www.halage.fr/;;"{""coordinates"": [2.3518848943033523, 48.885901783986256], ""type"": ""Point""}";48.885901783986256, 2.3518848943033523
Couleurs et Senteurs;7 Passage Marcel Landowski;Régie de quartier du 19°;Conseil d'arrondissement;Conseil d'arrondissement;Ville de Paris;DEVE;ZUV;composteur cabane;info@rqparis19.org;;https://www.rqparis19.org/;;;"{""coordinates"": [2.371221331359983, 48.887294937770065], ""type"": ""Point""}";48.887294937770065, 2.371221331359983
Le nid de l'Ortolan;17 rue saint-médard;les jardiniers du 5ème;Conseil d'arrondissement;Conseil d'arrondissement;Ville de Paris;DJS;;digicode: 24D60 + valider;jardiniersdu5eme@gmail.com;;;;;"{""coordinates"": [2.350108684782083, 48.84355196200786], ""type"": ""Point""}";48.84355196200786, 2.350108684782083
Jardin des Poètes;10 rue Francis Jammes;CRL 10 centre d'animation la Grange aux Belles;Autre;Autre;Hors Ville de Paris;SIEMP;ZUGsans doute sur une zone EVP;;;;http://www.grange-aux-belles.com/;;;"{""coordinates"": [2.368544891601185, 48.87853706826983], ""type"": ""Point""}";48.87853706826983, 2.368544891601185
Jardin Cité Industrielle;31 cité industrielle;Cité Industrielle Environnement;;Conseil d'arrondissement;Ville de Paris;DEVE;ZUG;composteur cabane nichoir à oiseaux;cite.industrielle.environnement@gmail.com;;;;;"{""coordinates"": [2.380273419718819, 48.859379990464596], ""type"": ""Point""}";48.859379990464596, 2.380273419718819
Le Jardin du Dimanche;Square Paul Didier 6 rue du colonel Manhes;Le potager pot à joncs;Conseil d'arrondissement;Conseil d'arrondissement;Ville de Paris;DEVE;;cabane composteur bacs hors sol pour consommable 3 zones de culture avec couche drainante mais que pour non consommables;potagerpotajoncs@gmail.com;;;;;"{""coordinates"": [2.3210957593957797, 48.89553230562329], ""type"": ""Point""}";48.89553230562329, 2.3210957593957797
Jardin des Soupirs;18 passage des Soupirs;Association du passage des Soupirs;;Conseil d'arrondissement;Ville de Paris;DEVE;ZUGEVP;composteur cabane mare;jardindessoupirs@gmail.com;;https://jardindessoupirs.wordpress.com/;;;"{""coordinates"": [2.39657904846862, 48.86891426469218], ""type"": ""Point""}";48.86891426469218, 2.39657904846862
Le potager de la Lune;Square Jacques Bidault 18 rue de la Lune;Jardinières et jardiniers du 2éme;Conseil d'arrondissement;Conseil d'arrondissement;Ville de Paris;DEVE;ZUV;cabane composteur;potagerdelalune@gmail.com;;;;;"{""coordinates"": [2.3500733576103885, 48.869811142440284], ""type"": ""Point""}";48.869811142440284, 2.3500733576103885
Le Jardin de Théodore;Square Théodore Monod 23 rue du fer à moulin;Le jardin de Théodore (s’est associé l’école Montessori);Conseil d'arrondissement;Conseil d'arrondissement;Ville de Paris;DEVE;ZUV;cabane bacs sacs composteur;jardindetheodore@gmail.com;;;;;"{""coordinates"": [2.3536483959414123, 48.838913111000345], ""type"": ""Point""}";48.838913111000345, 2.3536483959414123
Centre de la Terre;Square Jules Verne 19 bis rue de l'Orillon;Chemins Verts;Conseil d'arrondissement;Conseil d'arrondissement;Ville de Paris;DEVE;ZUV;composteur armoire à outils;asso.cheminsverts@gmail.com;;https://lecentredelaterre.wordpress.com;;;"{""coordinates"": [2.3750646312449724, 48.87050713662478], ""type"": ""Point""}";48.87050713662478, 2.3750646312449724
Jardin partagé solidaire Cavaillé Coll;10 place Franz Liszt;Emmaüs Solidarité;Conseil d'arrondissement;Conseil d'arrondissement;Ville de Paris;DEVE;;stabilisé - coffre;jardinsinsertion@emmaus.asso.fr;;https://www.emmaus-solidarite.org/;;;"{""coordinates"": [2.3515113779554366, 48.87829453011137], ""type"": ""Point""}";48.87829453011137, 2.3515113779554366
La Note Bleue;Square Frédéric Rossif 175 rue de Charenton;Graine de partage(en partenariat avec La Note bleue );Conseil d'arrondissement;Conseil d'arrondissement;Ville de Paris;DEVE;ZUV;cabane table de jardinage;grainedp@yahoo.fr;;http://grainedepartage.com/;;;"{""coordinates"": [2.3850883738271023, 48.84356851346513], ""type"": ""Point""}";48.84356851346513, 2.3850883738271023
Le Trèfle d’Eole;Jardins d’Eole 45 rue d'Aubervilliers;Trèfle d’Eole;Conseil de Paris;Conseil de Paris;Ville de Paris;DEVE;ZUV;composteur cabane une jardinière-bassin pour plantes aquatiques;contact@trefledeole.fr;;https://www.trefledeole.fr/;;;"{""coordinates"": [2.3668388619165817, 48.88725567457575], ""type"": ""Point""}";48.88725567457575, 2.3668388619165817
Jardin de la rue du Maroc;26 rue du Maroc;Vivre ensemble à Maroc-Tanger;;Autre;Hors Ville de Paris;RIVP;ZUGEVP;;vivreensemble2@wanadoo.fr;;;;;"{""coordinates"": [2.3685557664814367, 48.88686762636342], ""type"": ""Point""}";48.88686762636342, 2.3685557664814367
Le jardin enchanté;5 rue Henri Ribiere;Amicale Ribière;;Autre;Hors Ville de Paris;Paris Habitat;ZUGEVP;composteur;lejardinenchante19@gmail.com;;;;;"{""coordinates"": [2.3952750234798104, 48.87649017598806], ""type"": ""Point""}";48.87649017598806, 2.3952750234798104
Aligresse;Jardin Léo Ferré 3 impasse Druinot;Commune Libre d’Aligre;Conseil d'arrondissement;Conseil d'arrondissement;Ville de Paris;DEVE;ZUGELV;composteur cabane Récupération d'eau mare keyhole coffre à outils serre;contact@cl-aligre.org;lacommune.aligre@orange.fr;http://www.cl-aligre.org;;;"{""coordinates"": [2.380656385506315, 48.84983063317294], ""type"": ""Point""}";48.84983063317294, 2.380656385506315
Le jardin du 12;22 rue Georges et Mai Politzer;Esperem;;Conseil d'arrondissement;Ville de Paris;DEVE;ZUGELV;composteur cabane Récupération d'eau toilettes sèches jardin en trou de serrure (keyhole) gites à insectes nichoirs à oiseaux;aurelia.boulland@esperem.org;;https://www.esperem.org;;;"{""coordinates"": [2.391631080927359, 48.84186688110304], ""type"": ""Point""}";48.84186688110304, 2.391631080927359
Jardin Les Mots et Merveilles;Square Paul Nizan 9 rue de l'industrie;Les Peupliers;Conseil d'arrondissement;Conseil d'arrondissement;Ville de Paris;DEVE;ZUV;cabane;lespeupliers.association@gmail.com;;;;;"{""coordinates"": [2.357190495203628, 48.82254063426508], ""type"": ""Point""}";48.82254063426508, 2.357190495203628
Le p'tit lopin;Ecole Du breuil Route de la Ferme;Le p'tit lopin;;Conseil de Paris;Ville de Paris;DEVE;;;Ptit.lopin@gmail.com;;;;;"{""coordinates"": [2.4540848845748404, 48.82197837664164], ""type"": ""Point""}";48.82197837664164, 2.4540848845748404
Potager des deux moulins;jardin des Deux Moulins 78 avenue Edison;;Conseil d'arrondissement;Conseil d'arrondissement;Ville de Paris;DEVE;;bacs abri panneau d'affichage;potagerdes2moulins@gmail.com;;;;;"{""coordinates"": [2.357659605113903, 48.83046646361328], ""type"": ""Point""}";48.83046646361328, 2.357659605113903
jardin les moufettes;3 passage des Patriarches;Les moufettes;;Conseil d'arrondissement;Ville de Paris;DEVE;;24 m² de jardinières  maçonnées - 11 jardinières bacs bois et 1 PMR - 58 m² de  pavés enherbés - Un local de stockage de 9.40 m² -  Un point d’eau;jardinlesmouffettes@gmail.com;;;;;"{""coordinates"": [2.3503522771858063, 48.8410895371343], ""type"": ""Point""}";48.8410895371343, 2.3503522771858063
Ombrelle et coccinelle;159 rue Croix Nivert;Ombrelle et coccinelle;Autre;Autre;Hors Ville de Paris;Paris Habitat;Emplacement réservé en vue de la réalisation de logement;cabane composteur;contact@ombcoc.fr;;https://ombrelleetcoccinelle.wordpress.com/;;;"{""coordinates"": [2.290746184591024, 48.840321705223396], ""type"": ""Point""}";48.840321705223396, 2.290746184591024
Jardin de l’Aqueduc;2 rue de l'Empreur Valentinien;Les Jardiniers de l’aqueduc;;Conseil de Paris;Ville de Paris;DEVE;ZUV;composteur cabane mare ruches;jardin.aqueduc@gmail.com;;http://jardin-aqueduc.fr/;;;"{""coordinates"": [2.3380388735880895, 48.826120158066935], ""type"": ""Point""}";48.826120158066935, 2.3380388735880895
Les Petits Passages;33 rue Petit;J2P: Jaurès Pantin Petit;;Conseil d'arrondissement;Ville de Paris;DEVE;ZUG;composteur cabane recup eau;associationj2p@gmail.com;;http://www.associationj2p.org/;;;"{""coordinates"": [2.382648686280655, 48.88495489479577], ""type"": ""Point""}";48.88495489479577, 2.382648686280655
Jardin Louis blanc;6 rue Louis Blanc;La Maison du canal – Régie de quartier paris 10;;Autre;Hors Ville de Paris;Paris Habitat;EBC;serre container spirale à aromatique marre terrasse bacs hors sol;accueil@lamaisonducanal.fr;;;;;"{""coordinates"": [2.369254909228453, 48.87895886105989], ""type"": ""Point""}";48.87895886105989, 2.369254909228453
Jardin partagé Tibhirine;71 bis boulevard Voltaire;jardin partagé truillot;Conseil d'arrondissement;Conseil d'arrondissement;Ville de Paris;DEVE;;cabane grillagée composteurs bacs;jardinpartage.truillot@gmail.com;;;;2021-07-27;"{""coordinates"": [2.3756066478128095, 48.86111271759496], ""type"": ""Point""}";48.86111271759496, 2.3756066478128095
Jardin Sahel;60 rue du sahel;Broc bel R;Conseil d'arrondissement;Conseil d'arrondissement;Ville de Paris;DEVE;;20 bacs un abri de jardin une arrivée d'eau une clôture un panneau d'affichage un composteur;brocbelr.paris@gmail.com;;;;;"{""coordinates"": [2.4076354872935903, 48.84044077603892], ""type"": ""Point""}";48.84044077603892, 2.4076354872935903
Le jardin de la félicité;face au 20 rue de la Sainte Félicité;Les amis du jardin de la félicité;Conseil d'arrondissement;Conseil d'arrondissement;Ville de Paris;DJS;ZUG;système drainant composteurs cabane panneaux solaires;contact@jardin-de-la-felicite.fr;alain@jardin-de-la-felicite.fr;http://www.jardin-de-la-felicite.fr/;;;"{""coordinates"": [2.3044447476141263, 48.83910646822631], ""type"": ""Point""}";48.83910646822631, 2.3044447476141263
Ecobox;10 impasse de la Chapelle;Eco Box;;Conseil de Paris;Ville de Paris;DVD;;composteur poulailler mini bassin aquatique dans ancienne baignoire;jardinecobox@gmail.com;;;;;"{""coordinates"": [2.358629896864472, 48.89269558795182], ""type"": ""Point""}";48.89269558795182, 2.358629896864472
Le Bois Dormoy;2 bis cité de la Chapelle;Le Bois Dormoy;;Conseil de Paris;Ville de Paris;DEVE;ZUGPérimètre de localisation d'équipement... d'intérêt général à réaliser(LS100%);composteur cabane;dormoy@yahoo.fr;;http://boisdormoy.blogspot.com/;;;"{""coordinates"": [2.3592550559941037, 48.88727511126265], ""type"": ""Point""}";48.88727511126265, 2.3592550559941037
Les jardins partagés Labori Clignancourt;9 avenue de la porte de Clignancourt;;;Autre;Hors Ville de Paris;Paris Habitat;ZUG EVP;composteur cabane;;;;;2021-12-28;"{""coordinates"": [2.3438775713463937, 48.8983688596616], ""type"": ""Point""}";48.8983688596616, 2.3438775713463937
Charmante Petite Campagne Urbaine;36 quai de la Marne;Espace 19;;Conseil d'arrondissement;Ville de Paris;DEVE;ZUGEmplacement réservé;conteneur mare;contact@espace19.org;;http://www.espace19.org;;;"{""coordinates"": [2.3841294158747837, 48.89030603512159], ""type"": ""Point""}";48.89030603512159, 2.3841294158747837
Un p'tit bol d'herbe;6 rue de l'Ourcq;Un p'tit bol d'herbe;;Conseil d'arrondissement;Ville de Paris;DEVE;ZUGELV;composteur cabane toit végétalisé mare;briouxcath@gmail.com;;;;;"{""coordinates"": [2.384550972709326, 48.88803342590159], ""type"": ""Point""}";48.88803342590159, 2.384550972709326
Jardin Hérold;Jardin Hérold, 13 rue Francis Ponge;* Association Jardin solidaire : Espaces * Association de quartier : Débrouille et cie;Conseil d'arrondissement;Conseil d'arrondissement;Ville de Paris;DEVE;ZUGEVP;conteneur mare broyeur? (debrouille et compagnie?);espaces@association-espaces.org;jardin.debrouille@gmail.com;association-espaces.org;http://www.debrouille.com/;;"{""coordinates"": [2.395081022659735, 48.88247359419764], ""type"": ""Point""}";48.88247359419764, 2.395081022659735
Le potager de Georges;3 Square Georges Contenot (accessible par le 75-77 rue Claude Decaen);Le potager de Georges;;Autre;Hors Ville de Paris;Paris Habitat;EVP;bacs compost cabane serre;;;;;;"{""coordinates"": [2.3970204559149453, 48.837708583502675], ""type"": ""Point""}";48.837708583502675, 2.3970204559149453
Montsouris;2 rue Gazan;Ecole Elementaire 87, bd Arago                               Ecole Maternelle 77, rue de la tombe Issoire;Conseil de Paris;Conseil de Paris;Ville de Paris;DEVE;;Chassis;;;;;2021-10-08;"{""coordinates"": [2.339807245701618, 48.823981785953656], ""type"": ""Point""}";48.823981785953656, 2.339807245701618
Pereire;21 rue Guersant;école maternelle Bayen - ecole Montessori;Conseil d'arrondissement;Conseil d'arrondissement;Ville de Paris;DEVE;;;;;;;;"{""coordinates"": [2.289582618473421, 48.88079971805017], ""type"": ""Point""}";48.88079971805017, 2.289582618473421
Jardin suspendu;126 rue de Bagnolet;multi’colors;;Autre;Hors Ville de Paris;Paris Habitat;;cabane récupérateur d'eau serre tables de jardinage;mail@multicolors.org;;;;;"{""coordinates"": [2.4047934420827937, 48.86059123726569], ""type"": ""Point""}";48.86059123726569, 2.4047934420827937
Le Clos Garcia;17 rue Cristino Garcia;Le Clos Garcia;;Autre;Hors Ville de Paris;RIVP entretenu par la ville. Bail emphytéotique;ZUGEVP;cabane Récupération d'eau toilettes sèches;closgarcia@free.fr;;http://closgarcia.free.fr/;;;"{""coordinates"": [2.4134530277249566, 48.849883490779774], ""type"": ""Point""}";48.849883490779774, 2.4134530277249566
Leroy Sème;2 bis cité Leroy;Leroy Sème;;Conseil d'arrondissement;Ville de Paris;DEVE;ZUV;composteur recup eau cabane mare toit végétalisé Oyas;leroyseme@gmail.com;;http://leroyseme.canalblog.com/;;;"{""coordinates"": [2.3929043437209323, 48.87083609220711], ""type"": ""Point""}";48.87083609220711, 2.3929043437209323
Le jardin partagé Python Duvernois;39 rue Joseph Pyton;Tous Ensemble;;Conseil d'arrondissement;Ville de Paris;DEVE;ZUG;;tousensemblecpd@gmail.com;;;;;"{""coordinates"": [2.4126080548018263, 48.86412997962658], ""type"": ""Point""}";48.86412997962658, 2.4126080548018263
Jardin partagé Césaria Evora;33 A quai de la gironde;Rosa Paks (Paris);Conseil d'arrondissement;Conseil d'arrondissement;Ville de Paris;DEVE;;revêtement en stabilisé - espace de convivialité en pavés enherbés - 1 conteneur -  bacs - clôture avec un portillon;contact@centrerosaparks.paris;;;;;"{""coordinates"": [2.3802824487365055, 48.89806687594493], ""type"": ""Point""}";48.89806687594493, 2.3802824487365055
L'accueillette du 9ème;TEP Valeyre 24 rue de Rochechouart;L'Accueillette du 9°;Conseil d'arrondissement;Conseil d'arrondissement;Ville de Paris;DJS;ZUG;abris;laccueillette@gmail.com;;;;;"{""coordinates"": [2.345021513689842, 48.87796726577678], ""type"": ""Point""}";48.87796726577678, 2.345021513689842
Parcelle pédagogique du Square René Binet;42 rue René Bidet;Ecole Maternelle Françoise Dorléac;;;Ville de Paris;DEVE;;verger, ferme pédagogique , arrosage automatique goutte;nathalie.ritter@paris.fr;;;;;"{""coordinates"": [2.338360057205291, 48.899785703064396], ""type"": ""Point""}";48.899785703064396, 2.338360057205291
Jardin de Perlimpinpin;Parc Clichy-Batignolles - Martin Luther-King, 166 rue du Cardinet;Jardin de Perlimpinpin;Conseil de Paris;Conseil de Paris;Ville de Paris;DEVE;ZUV;composteurs cabane mare;michel_dannielou@yahoo.fr;;;;;"{""coordinates"": [2.316913557404839, 48.88976025254181], ""type"": ""Point""}";48.88976025254181, 2.316913557404839
Commun jardin;Jardin Rosa Luxemburg 63 ter rue Riquet;Vergers Urbains;Conseil d'arrondissement;Conseil d'arrondissement;Ville de Paris;DEVE;ZUG;Local aquaponie;vergersurbains@gmail.com;;http://vergersurbains.org/;;;"{""coordinates"": [2.3638026123075595, 48.8898074160027], ""type"": ""Point""}";48.8898074160027, 2.3638026123075595
Jardin des Deux Nèthes;Square des deux Nèthes 24 avenue de Clichy;Cultures et Potager 17/18;Conseil d'arrondissement;Conseil d'arrondissement;Ville de Paris;DEVE;ZUV;composteur cabane;culturesetpotager@orange.fr;;;;2023-12-23;"{""coordinates"": [2.3267854747337924, 48.885280533908784], ""type"": ""Point""}";48.885280533908784, 2.3267854747337924
1,2,3 jardins;59 rue St blaise;1,2,3 jardins;;Autre;Hors Ville de Paris;Paris Habitat;ZUG;composteur;;;;;;"{""coordinates"": [2.4082562389647664, 48.85743323117559], ""type"": ""Point""}";48.85743323117559, 2.4082562389647664
Le jardin de la gare de Reuilly;Maison des associations du 12e 181 avenue Daumesnil;Urbanescence;Conseil d'arrondissement;Conseil d'arrondissement;Ville de Paris;DEVE;;cabane - bacs hors sol;contact@urbanescence.org;;;;;"{""coordinates"": [2.3925067778942504, 48.84048781258281], ""type"": ""Point""}";48.84048781258281, 2.3925067778942504
Jardin de la résidence des Récollets;148 rue du Faubourg St Martin;Jardin et PLU's;;Autre;Hors Ville de Paris;RIVP;ZUG;;jardinsetplus10@googlegroups.com;;http://jardinsetplus.tumblr.com;;;"{""coordinates"": [2.3600203357805833, 48.875416611034055], ""type"": ""Point""}";48.875416611034055, 2.3600203357805833
Jardin Jean Genet;156 rue Raymond Losserand;Jardin Jean Genet;;Autre;Hors Ville de Paris;Paris Habitat;ZUGEVP;cabane;clergerie.cath@free.fr;;http://jardin-jean-genet.blogspot.com/;;;"{""coordinates"": [2.3113377449307855, 48.83058722620449], ""type"": ""Point""}";48.83058722620449, 2.3113377449307855
Les haies partagées;Jardin Casque d’Or 39b rue des Haies;Ass. du Jardin Partagé de Casque d’Or;Conseil d'arrondissement;Conseil d'arrondissement;Ville de Paris;DEVE;ZUV;composteur Récupération d'eau mare;haies.partagees@gmail.com;;;;;"{""coordinates"": [2.4014026104821258, 48.85340083418658], ""type"": ""Point""}";48.85340083418658, 2.4014026104821258
Les ombres potagères;20 rue de Fontarabie;Les Ombres Potagères;Conseil d'arrondissement;Conseil d'arrondissement;Ville de Paris;DEVE;;eau abris cloture;ombrespotageres@gmail.com;;;;;"{""coordinates"": [2.4011426104318043, 48.857510153823895], ""type"": ""Point""}";48.857510153823895, 2.4011426104318043
Jardin partagé Soleil Blaise;Square des Cardeurs;Centre social Soleil Blaise;;Autre;Hors Ville de Paris;RIVP+EFIDIS;;compoteurs collectifs dpe;soleilblaise@free.fr;;http://soleilblaise.org/;;;"{""coordinates"": [2.407219234473548, 48.85830145010564], ""type"": ""Point""}";48.85830145010564, 2.407219234473548
Le Jardin du Carrousel;Place Gilbert Perroy;Le Jardin du Carrousel;Conseil d'arrondissement;Conseil d'arrondissement;Ville de Paris;DEVE;;décaissement + apport de TV sur 30 à 80cm + système drainant - 1BA - 1 coffre - 1 panneau - 1 clôture en ganivelle;jardinducarrousel@gmail.com;;;;;"{""coordinates"": [2.3255166094199184, 48.8323625303162], ""type"": ""Point""}";48.8323625303162, 2.3255166094199184
Jardin du coin;18 rue du Chalet;jardin du coin;Conseil d'arrondissement;Conseil d'arrondissement;Ville de Paris;DEVE;Emplacement réservé;cabane composteur espace de convivialité bacs sacs;jardinducoin10@gmail.com;;;;;"{""coordinates"": [2.3734014902052643, 48.873828813690864], ""type"": ""Point""}";48.873828813690864, 2.3734014902052643
Jardin de Quentin;3 rue d aligre;Ligue de l'enseignement;;;Ville de Paris;DJS;;;maisondesensembles@ligueparis.org;;;;;"{""coordinates"": [2.3772287098110865, 48.848016993252], ""type"": ""Point""}";48.848016993252, 2.3772287098110865
Le Males'Herbes;rue Rodolf Noureev;Association des Hauts de Malesherbes;;Conseil de Paris;Ville de Paris;DEVE;ZUV;terrassement bacs;hautsdemalesherbes@gmail.com;;;;;"{""coordinates"": [2.3059263853521976, 48.89182737618246], ""type"": ""Point""}";48.89182737618246, 2.3059263853521976
Jardin partagé Stalingrad;240 bd de la Villette;Jardin Partagé Stalingrad;;Conseil d'arrondissement;Ville de Paris;DEVE;ZUG;cabane bacs bacs pmr;jpstalingrad@gmail.com;;;;;"{""coordinates"": [2.3655646229977676, 48.88451516896815], ""type"": ""Point""}";48.88451516896815, 2.3655646229977676
Jardin des Tourelles;18 passage des tourelles;Jardin des Tourelles;;Autre;Hors Ville de Paris;Paris Habitat;;;jardin.tourelles@gmail.com;;;;;"{""coordinates"": [2.4042650789250652, 48.87551886209517], ""type"": ""Point""}";48.87551886209517, 2.4042650789250652
Jardin Partagé du Square des Missions Etrangères;105 rue du bac;Le jardin partagé du square des Missions Etrangères;Conseil d'arrondissement;Conseil d'arrondissement;Ville de Paris;DEVE;PSMV 7ème arrtEspace Vert Public à protéger;hôtel à insectes meuble en palette bacs en palette abri;aygd@laposte.net;;;;;"{""coordinates"": [2.323800570471246, 48.85258616472082], ""type"": ""Point""}";48.85258616472082, 2.323800570471246
La terrasse du T3;Square de la Justice 60 rue de la justice;La terrasse du T3;Conseil d'arrondissement;Conseil d'arrondissement;Ville de Paris;DEVE;ZUG;composteur armoire à outils abri à insectes Récupération d'eau;terrassedut3@gmail.com;;https://www.laterrassedut3.org/;https://www.facebook.com/LaterrasseduT3;;"{""coordinates"": [2.4086870197587302, 48.8684418354704], ""type"": ""Point""}";48.8684418354704, 2.4086870197587302
Juliette Dodu;1 rue de Sambre-Et-Meuse;école maternelle Vicq d'Azir;Conseil d'arrondissement;Conseil d'arrondissement;Ville de Paris;DEVE;;évier pour enfants - espace pour outils le long de la cabane fermé avec une porte;;;;;;"{""coordinates"": [2.3692916562197768, 48.875439132450204], ""type"": ""Point""}";48.875439132450204, 2.3692916562197768
Jean Aicard;16 avenue Jean Aicard;Conseil d'arrondissementTTP Hôpitaux Saint Maurice;Conseil d'arrondissement;Conseil d'arrondissement;Ville de Paris;DEVE;;4 plessis 2m x 2 m - local;mariondeltell@hotmail.com;;;;;"{""coordinates"": [2.380997393282343, 48.865575893825856], ""type"": ""Point""}";48.865575893825856, 2.380997393282343
colbert;159 rue de charonne;culture en herbe;Conseil d'arrondissement;Conseil d'arrondissement;Ville de Paris;DEVE;;coffre;culturesenherbes2@gmail.com;;;;;"{""coordinates"": [2.3897220231673, 48.85609813526598], ""type"": ""Point""}";48.85609813526598, 2.3897220231673
le jardin des peintres;23 rue Rubens;Fédération Nationale des Jardins Familiaux et Collectifs;Conseil d'arrondissement;Conseil d'arrondissement;Hors Ville de Paris;Paris Habitat;ZUG;composteur cabane;contact@jardins-familiaux.asso.fr;;http://www.jardins-familiaux.asso.fr/;;;"{""coordinates"": [2.3564006158191493, 48.83366437289823], ""type"": ""Point""}";48.83366437289823, 2.3564006158191493
Fleurs de Bitume;Square Pierre Adrien Dalpayrat,  23 rue du Cotentin;Fleurs de Bitume;Conseil d'arrondissement;Conseil d'arrondissement;Ville de Paris;DEVE;ZUV;composteur cabane abri à insectes;fleursdebitume@yahoo.fr;;https://fleursdebitume.jimdofree.com/;;;"{""coordinates"": [2.3135255400984285, 48.8385295302547], ""type"": ""Point""}";48.8385295302547, 2.3135255400984285
Le Potager du Clos;Square du Clos Feuquières 30 rue Desnouettes;le potager du clos;Conseil d'arrondissement;Conseil d'arrondissement;Ville de Paris;DEVE;ZUVEBC;cabane terrasse en platelage bois 2 bacs en hauteur composteurs;lepotagerduclos@laposte.net;;http://Lepotagerduclos.wordpress.com;;;"{""coordinates"": [2.290521690869009, 48.83609124595633], ""type"": ""Point""}";48.83609124595633, 2.290521690869009
Le p'tit jardin d'Eugénie;23 rue des lilas;Le p'tit jardin d'Eugénie;;Conseil d'arrondissement;Ville de Paris;DEVE;ZUG;table de jardinage;jardindeugenie@gmail.com;;;;;"{""coordinates"": [2.3959724284229513, 48.878860645593946], ""type"": ""Point""}";48.878860645593946, 2.3959724284229513
Le Jardin de Bonne;5 rue Bellan;Aux cales pieds;;Conseil de Paris;Ville de Paris;DLH;espace libre à végétaliser;bacs sacs;jardindebonne@gmail.comet;ouisabelle@kelloucq.com;;;;"{""coordinates"": [2.3466607395550128, 48.866387833225886], ""type"": ""Point""}";48.866387833225886, 2.3466607395550128
Jardin Elie Faure;Résidence RIVP Elie Faure 1 rue Elie Faure;Ville en herbes;;Autre;Hors Ville de Paris;RIVP;ZUG;lombricompost hôtel à insectes;villeenherbes@gmail.com;;http://villeenherbes.over-blog.com/;;;"{""coordinates"": [2.415492703085865, 48.84541825181083], ""type"": ""Point""}";48.84541825181083, 2.415492703085865
Jardin de la Folie Titon;28 rue Chanzy;Association de la Folie Titon;Conseil d'arrondissement;Conseil d'arrondissement;Ville de Paris;DEVE;ZUV;composteur cabane récupérateur d'eau de pluie gite à insectes toiture végétalisée;la-folie-titon@outlook.fr;;https://association-folie-titon.blogspot.fr;https://twitter.com/AssoFolieTiton;;"{""coordinates"": [2.385342544561932, 48.852675071392014], ""type"": ""Point""}";48.852675071392014, 2.385342544561932
Les jardins de la rue verte;Centre d’animation Maurice Ravel 6 avenue Maurice Ravel (différents sites dans cette rue, cf fiche );Ligue de l’enseignement(avec délégation de service public au Centre d’animation Maurice Ravel );;Conseil d'arrondissement;Ville de Paris;DJS;;marepoulailler;;;;;;"{""coordinates"": [2.4117467144502993, 48.841806193629694], ""type"": ""Point""}";48.841806193629694, 2.4117467144502993
Bela Bartok;26 place de Brazzaville;Ecole élémentaire 25, rue Rouelle - Centre de loisirs élémentaire Rouelle - Ecole maternelle et élémentaire Emeriau;Conseil d'arrondissement;Conseil d'arrondissement;Ville de Paris;DEVE;;2 coffres à outils;;;;;;"{""coordinates"": [2.285665767845934, 48.85097542093542], ""type"": ""Point""}";48.85097542093542, 2.285665767845934
Jardin parisien de Pantin;18 rue Forceval;Le Jardin parisien de Pantin;;Conseil de Paris;Ville de Paris;DVD;;"50cm de terre végétale d’apport séparée de la terre d’origine par une couche de gravier et un  géotextile pour la partie Est du jardin et pour la bande de terre le long du grillage avec le talus du périphérique
-20cm de terre végétale d’apport séparée de";jardinparisiendepantin@gmail.com;;;;;"{""coordinates"": [2.3913803548377888, 48.90048935450638], ""type"": ""Point""}";48.90048935450638, 2.3913803548377888
Jardin d'Olga;Square Olga Bancic 34 rue Godefroy Cavaignac;Le Jardin d'Olga;Conseil d'arrondissement;Conseil d'arrondissement;Ville de Paris;DEVE;ZUV;cabane composteur surface = 52m² composés de 13 bacs de 4m² chacun gite à insectes, nichoirs à oiseaux;jardindolga@gmail.com;;http://jardindolga.canalblog.com;https://www.facebook.com/Le-Jardin-dOlga-108103513915114;;"{""coordinates"": [2.3806831425668875, 48.856081949101025], ""type"": ""Point""}";48.856081949101025, 2.3806831425668875
Le Jardin des oursons de saint Lambert;Square Saint Lambert, 2 rue Jean Formige;le jardin des oursons saint Lambert;Conseil d'arrondissement;Conseil d'arrondissement;Ville de Paris;DEVE;ZUVEBCinscrit aux monuments historiques;cabane terrasse en platelage bois composteurs;jardindesoursons@gmail.com;;http://www.lejardindesoursons.sitew.fr/;;;"{""coordinates"": [2.297522496966647, 48.841739957697754], ""type"": ""Point""}";48.841739957697754, 2.297522496966647
Jardin Fessart;45 rue Fessart;Le jardin Fessart;;Conseil d'arrondissement;Ville de Paris;DEVE;ZUGPérimètre de localisation d'équipement… d'intérêt général;composteur cabane;jardinfessart@numericable.fr;;http://jardin-fessart.over-blog.com/;;;"{""coordinates"": [2.384054341803436, 48.87671445699608], ""type"": ""Point""}";48.87671445699608, 2.384054341803436
Le jardin de la Cité Aubry;2 bis cité Aubry;Le jardin de la Cité Aubry;;Conseil de Paris;Ville de Paris;DEVE;ZUGEmplacement réservé pour espace vert public;;lejardindelacite@gmail.com;;https://www.lejardindelacite.com;https://fr-fr.facebook.com/jardinciteaubry;;"{""coordinates"": [2.395538392352498, 48.85717231786922], ""type"": ""Point""}";48.85717231786922, 2.395538392352498
Jardin partagé Berthe Weill;3 rue de Thorigny;Le Jardin Partagé Berthe Weill;Conseil d'arrondissement;Conseil d'arrondissement;Ville de Paris;DEVE;;décaissement au sol sur 60 à 80 cm d’épaisseur avec un apport de TV, une zone d’accès en stabilisé de 8 m2, un point d’eau avec robinet amovible, une corbeille de propreté type Bagatelle, une jardinière PMR en bois, un coffre en bois pour petit outillage;jardinbertheweill@gmail.com;;;;;"{""coordinates"": [2.3622479842996857, 48.859551541171435], ""type"": ""Point""}";48.859551541171435, 2.3622479842996857
Yilmaz Güney;25, 27 rue de l'Echiquier;école élémentaire 34 rue du Faubourg Saint Denis;Conseil d'arrondissement;Conseil d'arrondissement;Ville de Paris;DEVE;;;;;;;;"{""coordinates"": [2.3507069035640717, 48.87111003164851], ""type"": ""Point""}";48.87111003164851, 2.3507069035640717
Jardin des Thermopyles;6 rue des thermopyles;Association Urbanisme et Démocratie Udé !;;Conseil de Paris;Ville de Paris;DEVE;EVP;;udecontact@proton.me;;;;;"{""coordinates"": [2.3192899211425235, 48.83226948884327], ""type"": ""Point""}";48.83226948884327, 2.3192899211425235
Jardin de Falbala;Jardin du Moulin de la Vierge 20 rue de Gergovie;le Jardin partagé de Falbala;Conseil d'arrondissement;Conseil d'arrondissement;Ville de Paris;DEVE;ZUV;composteur cabane;jardindefalbala@gmail.com;;http://jardindefalbala.blogspot.com/;;;"{""coordinates"": [2.314157934045679, 48.8339844168798], ""type"": ""Point""}";48.8339844168798, 2.314157934045679
Les Jardins du Ruisseau;PC 18 Clignancourt, 108 rue du Ruisseau;Les Amis des Jardins du Ruisseau;;Autre;Hors Ville de Paris;RFF loué à la Ville;Zone urbaine de grands services urbains;composteur cabane Récupération d'eau ruches poulailler aquaponie bassin aquatique;contact@lesjardinsduruisseau.org;;https://www.facebook.com/jardinsduruisseau;http://lesjardinsduruisseau.fr/;;"{""coordinates"": [2.342263705682592, 48.89701991455417], ""type"": ""Point""}";48.89701991455417, 2.342263705682592
Jardin Saint Serge;Eglise St Serge 93 rue de Crimée;Jardin Saint Serge;;Autre;Hors Ville de Paris;Institut de Théologie Orthodoxe Saint Serge;ZUGEVPBâtiment protégé;composteur Récupération d'eau broyeur;jpp.lejardinier@free.fr;;http://www.jardin-saintserge.fr/;;;"{""coordinates"": [2.384489762001406, 48.88382658817877], ""type"": ""Point""}";48.88382658817877, 2.384489762001406
Jardin Saint Laurent;119 rue du Faubourg St Martin;Emmaüs solidarité;Conseil d'arrondissement;Conseil d'arrondissement;Ville de Paris;DEVE;ZUV;cabane;jardinsinsertion@emmaus.asso.fr;;https://www.emmaus-solidarite.org/;;;"{""coordinates"": [2.358534147859011, 48.87447065461863], ""type"": ""Point""}";48.87447065461863, 2.358534147859011
Jardin Bel-Air;Square Charles Péguy 21 rue Rottembourg;Graine de partage;Conseil d'arrondissement;Conseil d'arrondissement;Hors Ville de Paris;DEVE + RFF;ZUV;composteur cabane mare bac surélevé;grainedp@yahoo.fr;;;;;"{""coordinates"": [2.406549295245265, 48.83849258921216], ""type"": ""Point""}";48.83849258921216, 2.406549295245265
Jardin Partagé des Olympiades;Dalle des Olympiades;Association Jardin Partagé Olympiades;;Autre;Hors Ville de Paris;Paris Habitat;ZUG;cloture cabane;jardinolympiades@gmail.com;;https://www.facebook.com/jardinolympiades;;;"{""coordinates"": [2.364514049887955, 48.82585518723297], ""type"": ""Point""}";48.82585518723297, 2.364514049887955
Jardin des couleurs;1 rue des Mariniers;Jardins des couleurs;Conseil d'arrondissement;Conseil d'arrondissement;Ville de Paris;DEVE;ZUV;local composteur table surélevé pour fauteuils;jardinsdescouleurs@gmail.com;;;;;"{""coordinates"": [2.3115373185997203, 48.8276105919817], ""type"": ""Point""}";48.8276105919817, 2.3115373185997203
Brassens;2 place Jacques Marette;école élémentaire 15 rue de Cherbourg;Conseil de Paris;Conseil de Paris;Ville de Paris;DEVE;;;;;;;;"{""coordinates"": [2.2999123781531723, 48.832643577800184], ""type"": ""Point""}";48.832643577800184, 2.2999123781531723
Au cœur de la roquette;Square de la Roquette 143 rue de la Roquette;centre social et culturel solidarité roquette;Conseil d'arrondissement;Conseil d'arrondissement;Ville de Paris;DEVE;ZUVEBCpérimetre protection monuments historiques;Cabane grillagée bacs de culture composteurs récupérateur d'eau de pluie gite à insectes grainothèques;social@solidariteroquette.fr;;https://www.solidariteroquette.fr/;;;"{""coordinates"": [2.3844858580934627, 48.85898642845319], ""type"": ""Point""}";48.85898642845319, 2.3844858580934627
Jardin faure'midable;Résidence RIVP Elie Faure 21 rue du chaffault;Jardin Faure'midable;;Autre;Hors Ville de Paris;RIVP;;décaissement sur 30cm + géotextile+Terre Végétaleune zone stabilisée cabane composteurs récupérateur d'eau de pluie gite à insectes grainothèque;jardinfauremidable@gmail.com;;https://www.facebook.com/jardinfauremidable/;;;"{""coordinates"": [2.415202090563017, 48.84529587109845], ""type"": ""Point""}";48.84529587109845, 2.415202090563017
Jardin partagé choisi;Parc de Choisy rue Georges Eastman;Association jardin partagé choisi;Conseil d'arrondissement;Conseil d'arrondissement;Ville de Paris;DEVE;ZUVEBC;cabane composteur Recupérateur d'eau;c.chauchot@sfr.fr;;;;;"{""coordinates"": [2.3591159048076378, 48.828959782001235], ""type"": ""Point""}";48.828959782001235, 2.3591159048076378
Le Jardin d'Augustin;6 rue Augustin Thierry;La Maison de la Place des Fêtes;;Autre;Hors Ville de Paris;Icf Habitat;;;jardinaugustin75019@gmail.com;;;;;"{""coordinates"": [2.3946041857847704, 48.876254098639954], ""type"": ""Point""}";48.876254098639954, 2.3946041857847704
Jardin Partagé du Square Ozanam;Square Ozanam - 18 rue Stanislas 75006;Jardin partagé du Square Ozanam;Conseil d'arrondissement;Conseil d'arrondissement;Ville de Paris;DEVE;;3 bacs de culture, coffre à outils;jardinpartageozanam@gmail.com;;;;;"{""coordinates"": [2.3273895239598645, 48.843197035916624], ""type"": ""Point""}";48.843197035916624, 2.3273895239598645
A la bonne herbe;place Marcel Achard;"""association Belle Ville ABV""(Centre socioculturel Belleville)";Conseil d'arrondissement;Conseil d'arrondissement;Ville de Paris;DEVE;ZUV;cabane fruitiers en cordon;;;https://centresocioculturelbelleville.fr/;;;"{""coordinates"": [2.376348252856823, 48.873970419668545], ""type"": ""Point""}";48.873970419668545, 2.376348252856823
Le Poireau Agile;Jardin Villemin 6 rue des Récollets;Ville Mains Jardins;Conseil d'arrondissement;Conseil d'arrondissement;Ville de Paris;DEVE;ZUVEBC;composteurs Récupération d'eau cabane table de jardinage broyeur;ville_mains_jardins@yahoo.fr;;sites.google.com/site/poireauagile;;;"{""coordinates"": [2.3621850088244383, 48.87443394633443], ""type"": ""Point""}";48.87443394633443, 2.3621850088244383
La Baleine Verte;10 rue Erard;Autour de la baleine;Autre;Autre;Hors Ville de Paris;Paris Habitat;;bacs compost mare récupérateur d'eau de pluie gites à insectes nichoirs à oiseaux broyeur toiture végétalisée serre;labaleineverte12@gmail.com;;https://www.autourdelabaleine.fr/;;;"{""coordinates"": [2.3843881170367554, 48.84523845646623], ""type"": ""Point""}";48.84523845646623, 2.3843881170367554
Le Jardin de l'Echo;Jardin Debergue-rendez-vous 1 Cité Debergue;L'écho des Autres;Conseil d'arrondissement;Conseil d'arrondissement;Ville de Paris;DEVE;ZUV;composteur cabane;lechodesautres@gmail.com;;;;;"{""coordinates"": [2.4037703975411526, 48.84568095544368], ""type"": ""Point""}";48.84568095544368, 2.4037703975411526
La Maison Violette;Maison communale Violet 69 rue Violet;La Maison violette;;Conseil d'arrondissement;Ville de Paris;DEVE;ZUGEVP;poulailler;jp.lamaisonviolette@gmail.com;;;;;"{""coordinates"": [2.291424656397191, 48.845610828659815], ""type"": ""Point""}";48.845610828659815, 2.291424656397191
Le jardin des coopains;Parc Clichy-Batignolles - Martin Luther-King, 11 bis Boulevard Berthier;Le jardin des coopains;Conseil de Paris;Conseil de Paris;Ville de Paris;DEVE;;cabane composteur Oyas;jardin.coopains@gmail.com;;;;;"{""coordinates"": [2.312168414976903, 48.893584509362576], ""type"": ""Point""}";48.893584509362576, 2.312168414976903
Jardin Ella Fitzgerald;12 rue Ella Fitzgerald;Potager 21;;Conseil de Paris;Ville de Paris;DEVE;;abris bois - recouvrement sol avec 15cm de TV - bacs de cultures;potager21association@gmail.com;;https://www.facebook.com/jardinellafitzgerald/;https://www.helloasso.com/associations/potager21;;"{""coordinates"": [2.3962535474624995, 48.896501258602804], ""type"": ""Point""}";48.896501258602804, 2.3962535474624995
Le 56;56 rue Saint Blaise;Le 56;;Autre;Hors Ville de Paris;Paris Habitat;ZUGEVP;composteur Récupération d'eau toilettes sèches abri ruches;le56contact@gmail.com;;https://56stblaise.wordpress.com/;;;"{""coordinates"": [2.4071345526884302, 48.85791712718219], ""type"": ""Point""}";48.85791712718219, 2.4071345526884302
Le Jardin sur le Toit;Gymnase des Vignoles 91 rue des Haies;Esperem;;Conseil d'arrondissement;Ville de Paris;DEVE;ZUG;composteur ruchette pédagogique poulailler;valerie.navarre@esperem.org;;https://esperem.org;;;"{""coordinates"": [2.403902891025342, 48.85524050254697], ""type"": ""Point""}";48.85524050254697, 2.403902891025342
Le Jardin d'Astrolabe;22 rue Pierre Gourdault;Le Jardin d’Astrolabe;Conseil d'arrondissement;Conseil d'arrondissement;Ville de Paris;DEVE;;parcelles rehaussées, géotextile et apport de terre végétale - une clôture - un banc - un accès à l’eau - un abri à outils - 8 bacs de culture hors sol classique et;jardin-astrolabe@gmail.com;;;;;"{""coordinates"": [2.369943997999922, 48.83102496747717], ""type"": ""Point""}";48.83102496747717, 2.369943997999922
Jardin Bashung;16 rue de Jéssaint;La Goutte Verte;Conseil d'arrondissement;Conseil d'arrondissement;Ville de Paris;DEVE;ZUG;local et composteur;goutteverte@yahoo.fr;;;;;"{""coordinates"": [2.3562272617313655, 48.88545117079747], ""type"": ""Point""}";48.88545117079747, 2.3562272617313655
